{"theta_0": -3.63029143940436, "theta_1": 1.166362350335582}