{"theta_0": -3.8957808782900085, "theta_1": 1.193033644187399}